{"cameraMode":{"drawMode":0,"name":"Shaded","section":"Shading Mode"},"sceneLighting":false,"audioPlay":false,"sceneViewState":{"m_AlwaysRefresh":false,"showFog":true,"showSkybox":false,"showFlares":true,"showImageEffects":true,"showParticleSystems":true,"showVisualEffectGraphs":true,"m_FxEnabled":true},"in2DMode":false,"pivot":{"x":500.945068359375,"y":1.1425342559814454,"z":512.3242797851563},"rotation":{"x":-0.08115870505571366,"y":-0.03496907651424408,"z":0.002850693417713046,"w":-0.9960885643959045},"size":0.8756693005561829,"orthographic":false}